{"files":["rentwala.42web.io_wpvivid-1ded9a2739a2d_2025-04-24-04-52_backup_db.sql"],"tables":[{"name":"wpak_wfls_role_counts","size":0,"rows":"0"},{"name":"wpak_links","size":1024,"rows":"0"},{"name":"wpak_wc_download_log","size":1024,"rows":"0"},{"name":"wpak_wc_order_coupon_lookup","size":1024,"rows":"0"},{"name":"wpak_wc_order_tax_lookup","size":1024,"rows":"0"},{"name":"wpak_wc_product_attributes_lookup","size":1024,"rows":"0"},{"name":"wpak_wc_webhooks","size":1024,"rows":"0"},{"name":"wpak_wfauditevents","size":1024,"rows":"0"},{"name":"wpak_wfblockediplog","size":1024,"rows":"0"},{"name":"wpak_wfblocks7","size":1024,"rows":"0"},{"name":"wpak_wfcrawlers","size":1024,"rows":"0"},{"name":"wpak_wffilechanges","size":1024,"rows":"0"},{"name":"wpak_wffilemods","size":1024,"rows":"0"},{"name":"wpak_wfhoover","size":1024,"rows":"0"},{"name":"wpak_wfissues","size":1024,"rows":"0"},{"name":"wpak_wfknownfilelist","size":1024,"rows":"0"},{"name":"wpak_wflivetraffichuman","size":1024,"rows":"0"},{"name":"wpak_wfpendingissues","size":1024,"rows":"0"},{"name":"wpak_wfsecurityevents","size":1024,"rows":"0"},{"name":"wpak_wftrafficrates","size":1024,"rows":"0"},{"name":"wpak_wfwaffailures","size":1024,"rows":"0"},{"name":"wpak_woocommerce_downloadable_product_permissions","size":1024,"rows":"0"},{"name":"wpak_woocommerce_log","size":1024,"rows":"0"},{"name":"wpak_woocommerce_shipping_zone_locations","size":1024,"rows":"0"},{"name":"wpak_woocommerce_tax_rate_locations","size":1024,"rows":"0"},{"name":"wpak_woocommerce_tax_rates","size":1024,"rows":"0"},{"name":"wpak_woocommerce_api_keys","size":2048,"rows":"0"},{"name":"wpak_wcpdf_invoice_number","size":2066,"rows":"1"},{"name":"wpak_woocommerce_shipping_zones","size":2072,"rows":"1"},{"name":"wpak_wc_reserved_stock","size":2083,"rows":"0"},{"name":"wpak_woocommerce_shipping_zone_methods","size":2088,"rows":"1"},{"name":"wpak_wc_category_lookup","size":2133,"rows":"5"},{"name":"wpak_wfreversecache","size":2164,"rows":"2"},{"name":"wpak_wfnotifications","size":2212,"rows":"1"},{"name":"wpak_wflocs","size":2240,"rows":"3"},{"name":"wpak_actionscheduler_claims","size":3086,"rows":"0"},{"name":"wpak_woocommerce_payment_tokens","size":3144,"rows":"1"},{"name":"wpak_woocommerce_attribute_taxonomies","size":3160,"rows":"2"},{"name":"wpak_term_relationships","size":3450,"rows":"18"},{"name":"wpak_woocommerce_order_items","size":3544,"rows":"10"},{"name":"wpak_commentmeta","size":4096,"rows":"0"},{"name":"wpak_wc_rate_limits","size":4096,"rows":"0"},{"name":"wpak_wfstatus","size":4376,"rows":"3"},{"name":"wpak_woocommerce_payment_tokenmeta","size":4448,"rows":"8"},{"name":"wpak_e_events","size":4472,"rows":"8"},{"name":"wpak_wfsnipcache","size":5320,"rows":"4"},{"name":"wpak_term_taxonomy","size":5344,"rows":"30"},{"name":"wpak_wc_order_product_lookup","size":6340,"rows":"2"},{"name":"wpak_wc_customer_lookup","size":6556,"rows":"5"},{"name":"wpak_wc_order_operational_data","size":7024,"rows":"5"},{"name":"wpak_wc_tax_rate_classes","size":9288,"rows":"2"},{"name":"wpak_actionscheduler_groups","size":9360,"rows":"5"},{"name":"wpak_wc_product_download_directories","size":9408,"rows":"2"},{"name":"wpak_users","size":9972,"rows":"10"},{"name":"wpak_wc_order_stats","size":11440,"rows":"2"},{"name":"wpak_wc_product_meta_lookup","size":11680,"rows":"5"},{"name":"wpak_termmeta","size":11972,"rows":"41"},{"name":"wpak_comments","size":12724,"rows":"26"},{"name":"wpak_terms","size":14236,"rows":"30"},{"name":"wpak_wflogins","size":14484,"rows":"57"},{"name":"wpak_wc_order_addresses","size":14548,"rows":"10"},{"name":"wpak_woocommerce_order_itemmeta","size":15204,"rows":"105"},{"name":"wpak_dokan_announcement","size":16384,"rows":"0"},{"name":"wpak_dokan_refund","size":16384,"rows":"0"},{"name":"wpak_dokan_vendor_balance","size":16384,"rows":"5"},{"name":"wpak_dokan_withdraw","size":16384,"rows":"0"},{"name":"wpak_wfls_settings","size":16384,"rows":"30"},{"name":"wpak_actionscheduler_logs","size":16432,"rows":"105"},{"name":"wpak_wc_orders","size":18924,"rows":"5"},{"name":"wpak_woocommerce_sessions","size":22624,"rows":"9"},{"name":"wpak_wfhits","size":23228,"rows":"61"},{"name":"wpak_wc_admin_note_actions","size":25100,"rows":"95"},{"name":"wpak_wc_admin_notes","size":30048,"rows":"66"},{"name":"wpak_wfls_2fa_secrets","size":32768,"rows":"2"},{"name":"wpak_actionscheduler_actions","size":33416,"rows":"47"},{"name":"wpak_wc_orders_meta","size":41852,"rows":"145"},{"name":"wpak_dokan_order_stats","size":49152,"rows":"0"},{"name":"wpak_dokan_orders","size":49152,"rows":"5"},{"name":"wpak_usermeta","size":54336,"rows":"335"},{"name":"wpak_wfconfig","size":78552,"rows":"257"},{"name":"wpak_dokan_reverse_withdrawal","size":98304,"rows":"0"},{"name":"wpak_posts","size":125072,"rows":"117"},{"name":"wpak_postmeta","size":581060,"rows":"302"},{"name":"wpak_options","size":5124156,"rows":"590"}],"dump_db":1,"file_type":"databases","home_url":"https:\/\/rentwala.42web.io","root_flag":"custom","php_version":"8.2.27","mysql_version":"10.6.19","wp_version":"6.8","find_zero_date":1,"file":"rentwala.42web.io_wpvivid-1ded9a2739a2d_2025-04-24-04-52_backup_db.part001.zip"}